{"cameraMode":{"drawMode":0,"name":"Shaded","section":"Shading Mode"},"sceneLighting":true,"audioPlay":false,"sceneViewState":{"m_AlwaysRefresh":false,"showFog":true,"showSkybox":true,"showFlares":true,"showImageEffects":true,"showParticleSystems":true,"showVisualEffectGraphs":true,"m_FxEnabled":true},"in2DMode":false,"pivot":{"x":3.337247371673584,"y":78.9289321899414,"z":-103.57869720458985},"rotation":{"x":0.3183911442756653,"y":0.008972031995654107,"z":-0.0025512336287647487,"w":0.9480599761009216},"size":508.4627380371094,"orthographic":true}